driver_id,constructor_id,season,round,quali_pos,finish_order,event_name,avg_grid_pos,avg_finish_pos,points_to_date,points_prev_year,avg_finish_same_track,qualifying_score
norris,mclaren,2025,1,1.0,1.0,Australian Grand Prix,1.0,1.0,0,338,4.666666666666667,1.0
piastri,mclaren,2025,1,2.0,9.0,Australian Grand Prix,2.0,9.0,0,265,6.0,2.0
max_verstappen,red_bull,2025,1,3.0,2.0,Australian Grand Prix,3.0,2.0,0,396,10.285714285714286,3.0
russell,mercedes,2025,1,4.0,3.0,Australian Grand Prix,4.0,3.0,0,224,12.666666666666666,4.0
tsunoda,rb,2025,1,5.0,12.0,Australian Grand Prix,5.0,12.0,0,29,10.666666666666666,5.0
albon,williams,2025,1,6.0,5.0,Australian Grand Prix,6.0,5.0,0,12,13.333333333333334,6.0
leclerc,ferrari,2025,1,7.0,8.0,Australian Grand Prix,7.0,8.0,0,324,9.0,7.0
hamilton,ferrari,2025,1,8.0,10.0,Australian Grand Prix,8.0,10.0,0,205,6.0,8.0
gasly,alpine,2025,1,9.0,11.0,Australian Grand Prix,9.0,11.0,0,40,13.25,9.0
sainz,williams,2025,1,10.0,18.0,Australian Grand Prix,10.0,18.0,0,261,9.857142857142858,10.0
hadjar,rb,2025,1,11.0,20.0,Australian Grand Prix,11.0,20.0,0,0,20.0,11.0
alonso,aston_martin,2025,1,12.0,17.0,Australian Grand Prix,12.0,17.0,0,69,6.526315789473684,12.0
stroll,aston_martin,2025,1,13.0,6.0,Australian Grand Prix,13.0,6.0,0,24,10.4,13.0
doohan,alpine,2025,1,14.0,19.0,Australian Grand Prix,14.0,19.0,0,0,19.0,14.0
bortoleto,sauber,2025,1,15.0,16.0,Australian Grand Prix,15.0,16.0,0,0,16.0,15.0
antonelli,mercedes,2025,1,16.0,4.0,Australian Grand Prix,16.0,4.0,0,0,4.0,16.0
hulkenberg,sauber,2025,1,17.0,7.0,Australian Grand Prix,17.0,7.0,0,36,12.0,17.0
lawson,red_bull,2025,1,18.0,15.0,Australian Grand Prix,18.0,15.0,0,4,15.0,18.0
ocon,haas,2025,1,19.0,13.0,Australian Grand Prix,19.0,13.0,0,23,11.8,19.0
bearman,haas,2025,1,20.0,14.0,Australian Grand Prix,20.0,14.0,0,7,14.0,20.0
piastri,mclaren,2025,2,1.0,1.0,Chinese Grand Prix,2.0,9.0,2,265,8.0,1.5
russell,mercedes,2025,2,2.0,3.0,Chinese Grand Prix,4.0,3.0,15,224,11.0,3.0
norris,mclaren,2025,2,3.0,2.0,Chinese Grand Prix,1.0,1.0,25,338,10.0,2.0
max_verstappen,red_bull,2025,2,4.0,4.0,Chinese Grand Prix,3.0,2.0,18,396,6.333333333333333,3.5
hamilton,ferrari,2025,2,5.0,19.0,Chinese Grand Prix,8.0,10.0,1,205,4.214285714285714,6.5
leclerc,ferrari,2025,2,6.0,18.0,Chinese Grand Prix,7.0,8.0,4,324,9.333333333333334,6.5
hadjar,rb,2025,2,7.0,11.0,Chinese Grand Prix,11.0,20.0,0,0,20.0,9.0
antonelli,mercedes,2025,2,8.0,6.0,Chinese Grand Prix,16.0,4.0,12,0,4.0,12.0
tsunoda,rb,2025,2,9.0,16.0,Chinese Grand Prix,5.0,12.0,0,29,19.0,7.0
albon,williams,2025,2,10.0,7.0,Chinese Grand Prix,6.0,5.0,10,12,11.0,8.0
ocon,haas,2025,2,11.0,5.0,Chinese Grand Prix,19.0,13.0,0,23,10.666666666666666,15.0
hulkenberg,sauber,2025,2,12.0,15.0,Chinese Grand Prix,17.0,7.0,6,36,12.9,14.5
alonso,aston_martin,2025,2,13.0,17.0,Chinese Grand Prix,12.0,17.0,0,69,6.25,12.5
stroll,aston_martin,2025,2,14.0,9.0,Chinese Grand Prix,13.0,6.0,8,24,15.25,13.5
sainz,williams,2025,2,15.0,10.0,Chinese Grand Prix,10.0,18.0,0,261,9.5,12.5
gasly,alpine,2025,2,16.0,20.0,Chinese Grand Prix,9.0,11.0,0,40,12.333333333333334,12.5
bearman,haas,2025,2,17.0,8.0,Chinese Grand Prix,20.0,14.0,0,7,14.0,18.5
doohan,alpine,2025,2,18.0,13.0,Chinese Grand Prix,14.0,19.0,0,0,19.0,16.0
bortoleto,sauber,2025,2,19.0,14.0,Chinese Grand Prix,15.0,16.0,0,0,16.0,17.0
lawson,red_bull,2025,2,20.0,12.0,Chinese Grand Prix,18.0,15.0,0,4,15.0,19.0
max_verstappen,red_bull,2025,3,1.0,1.0,Japanese Grand Prix,3.5,3.0,30,396,4.625,2.25
norris,mclaren,2025,3,2.0,2.0,Japanese Grand Prix,2.0,1.5,43,338,7.0,2.0
piastri,mclaren,2025,3,3.0,3.0,Japanese Grand Prix,1.5,5.0,27,265,5.5,2.25
leclerc,ferrari,2025,3,4.0,4.0,Japanese Grand Prix,6.5,13.0,4,324,7.0,5.25
russell,mercedes,2025,3,5.0,5.0,Japanese Grand Prix,3.0,3.0,30,224,9.5,4.0
antonelli,mercedes,2025,3,6.0,6.0,Japanese Grand Prix,12.0,5.0,20,0,5.0,9.0
hadjar,rb,2025,3,7.0,8.0,Japanese Grand Prix,9.0,15.5,0,0,15.5,8.0
hamilton,ferrari,2025,3,8.0,7.0,Japanese Grand Prix,6.5,14.5,1,205,4.0,7.25
albon,williams,2025,3,9.0,9.0,Japanese Grand Prix,8.0,6.0,16,12,15.0,8.5
bearman,haas,2025,3,10.0,10.0,Japanese Grand Prix,18.5,11.0,4,7,11.0,14.25
gasly,alpine,2025,3,11.0,13.0,Japanese Grand Prix,12.5,15.5,0,40,12.5,11.75
sainz,williams,2025,3,12.0,14.0,Japanese Grand Prix,12.5,14.0,1,261,11.25,12.25
alonso,aston_martin,2025,3,13.0,11.0,Japanese Grand Prix,12.5,17.0,0,69,10.157894736842104,12.75
lawson,rb,2025,3,14.0,17.0,Japanese Grand Prix,19.0,13.5,0,4,11.0,16.5
tsunoda,red_bull,2025,3,15.0,12.0,Japanese Grand Prix,7.0,14.0,0,29,11.666666666666666,11.0
hulkenberg,sauber,2025,3,16.0,16.0,Japanese Grand Prix,14.5,11.0,6,36,13.0,15.25
bortoleto,sauber,2025,3,17.0,19.0,Japanese Grand Prix,17.0,15.0,0,0,15.0,17.0
ocon,haas,2025,3,18.0,18.0,Japanese Grand Prix,15.0,9.0,10,23,10.666666666666666,16.5
doohan,alpine,2025,3,19.0,15.0,Japanese Grand Prix,16.0,16.0,0,0,16.0,17.5
stroll,aston_martin,2025,3,20.0,20.0,Japanese Grand Prix,13.5,7.5,10,24,14.0,16.75
piastri,mclaren,2025,4,1.0,1.0,Bahrain Grand Prix,2.0,4.333333333333333,42,265,14.0,1.5
russell,mercedes,2025,4,2.0,2.0,Bahrain Grand Prix,3.6666666666666665,3.6666666666666665,40,224,9.5,2.833333333333333
leclerc,ferrari,2025,4,3.0,4.0,Bahrain Grand Prix,5.666666666666667,10.0,16,324,7.857142857142857,4.333333333333334
antonelli,mercedes,2025,4,4.0,11.0,Bahrain Grand Prix,10.0,5.333333333333333,28,0,5.333333333333333,7.0
gasly,alpine,2025,4,5.0,7.0,Bahrain Grand Prix,12.0,14.666666666666666,0,40,11.714285714285714,8.5
norris,mclaren,2025,4,6.0,3.0,Bahrain Grand Prix,2.0,1.6666666666666667,61,338,8.666666666666666,4.0
max_verstappen,red_bull,2025,4,7.0,6.0,Bahrain Grand Prix,2.6666666666666665,2.3333333333333335,55,396,9.0,4.833333333333333
sainz,williams,2025,4,8.0,19.0,Bahrain Grand Prix,12.333333333333334,14.0,1,261,10.5,10.166666666666668
hamilton,ferrari,2025,4,9.0,5.0,Bahrain Grand Prix,7.0,12.0,7,205,3.7058823529411766,8.0
tsunoda,red_bull,2025,4,10.0,9.0,Bahrain Grand Prix,9.666666666666666,13.333333333333334,0,29,10.5,9.833333333333332
doohan,alpine,2025,4,11.0,14.0,Bahrain Grand Prix,17.0,15.666666666666666,0,0,15.666666666666666,14.0
hadjar,rb,2025,4,12.0,13.0,Bahrain Grand Prix,8.333333333333334,13.0,4,0,13.0,10.166666666666668
alonso,aston_martin,2025,4,13.0,15.0,Bahrain Grand Prix,12.666666666666666,15.0,0,69,7.529411764705882,12.833333333333332
ocon,haas,2025,4,14.0,8.0,Bahrain Grand Prix,16.0,12.0,10,23,12.0,15.0
albon,williams,2025,4,15.0,12.0,Bahrain Grand Prix,8.333333333333334,7.0,18,12,10.0,11.666666666666668
hulkenberg,sauber,2025,4,16.0,20.0,Bahrain Grand Prix,15.0,12.666666666666666,6,36,12.583333333333334,15.5
lawson,rb,2025,4,17.0,16.0,Bahrain Grand Prix,17.333333333333332,14.666666666666666,0,4,14.666666666666666,17.166666666666664
bortoleto,sauber,2025,4,18.0,18.0,Bahrain Grand Prix,17.0,16.333333333333332,0,0,16.333333333333332,17.5
stroll,aston_martin,2025,4,19.0,17.0,Bahrain Grand Prix,15.666666666666666,11.666666666666666,10,24,12.75,17.333333333333332
bearman,haas,2025,4,20.0,10.0,Bahrain Grand Prix,15.666666666666666,10.666666666666666,5,7,10.666666666666666,17.833333333333332
max_verstappen,red_bull,2025,5,1.0,2.0,Saudi Arabian Grand Prix,3.75,3.25,63,396,1.5,2.375
piastri,mclaren,2025,5,2.0,1.0,Saudi Arabian Grand Prix,1.75,3.5,67,265,9.5,1.875
russell,mercedes,2025,5,3.0,5.0,Saudi Arabian Grand Prix,3.25,3.25,58,224,8.5,3.125
leclerc,ferrari,2025,5,4.0,3.0,Saudi Arabian Grand Prix,5.0,8.5,28,324,4.75,4.5
antonelli,mercedes,2025,5,5.0,6.0,Saudi Arabian Grand Prix,8.5,6.75,28,0,6.75,6.75
sainz,williams,2025,5,6.0,8.0,Saudi Arabian Grand Prix,11.25,15.25,1,261,5.666666666666667,8.625
hamilton,ferrari,2025,5,7.0,7.0,Saudi Arabian Grand Prix,7.5,10.25,17,205,6.25,7.25
tsunoda,red_bull,2025,5,8.0,19.0,Saudi Arabian Grand Prix,9.75,12.25,2,29,14.75,8.875
gasly,alpine,2025,5,9.0,20.0,Saudi Arabian Grand Prix,10.25,12.75,6,40,10.75,9.625
norris,mclaren,2025,5,10.0,4.0,Saudi Arabian Grand Prix,3.0,2.0,76,338,10.5,6.5
albon,williams,2025,5,11.0,9.0,Saudi Arabian Grand Prix,10.0,8.25,18,12,14.666666666666666,10.5
lawson,rb,2025,5,12.0,12.0,Saudi Arabian Grand Prix,17.25,15.0,0,4,15.0,14.625
alonso,aston_martin,2025,5,13.0,11.0,Saudi Arabian Grand Prix,12.75,15.0,0,69,9.25,12.875
hadjar,rb,2025,5,14.0,10.0,Saudi Arabian Grand Prix,9.25,13.0,4,0,13.0,11.625
bearman,haas,2025,5,15.0,13.0,Saudi Arabian Grand Prix,16.75,10.5,6,7,7.0,15.875
stroll,aston_martin,2025,5,16.0,16.0,Saudi Arabian Grand Prix,16.5,13.0,10,24,15.75,16.25
doohan,alpine,2025,5,17.0,17.0,Saudi Arabian Grand Prix,15.5,15.25,0,0,15.25,16.25
hulkenberg,sauber,2025,5,18.0,15.0,Saudi Arabian Grand Prix,15.25,14.5,6,36,11.333333333333334,16.625
ocon,haas,2025,5,19.0,14.0,Saudi Arabian Grand Prix,15.5,11.0,14,23,7.75,17.25
bortoleto,sauber,2025,5,20.0,18.0,Saudi Arabian Grand Prix,17.25,16.75,0,0,16.75,18.625
max_verstappen,red_bull,2025,6,1.0,4.0,Miami Grand Prix,3.2,3.0,81,396,1.3333333333333333,2.1
norris,mclaren,2025,6,2.0,2.0,Miami Grand Prix,4.4,2.4,88,338,12.333333333333334,3.2
antonelli,mercedes,2025,6,3.0,6.0,Miami Grand Prix,7.8,6.6,36,0,6.6,5.4
piastri,mclaren,2025,6,4.0,1.0,Miami Grand Prix,1.8,3.0,92,265,16.0,2.9
russell,mercedes,2025,6,5.0,3.0,Miami Grand Prix,3.2,3.6,68,224,5.666666666666667,4.1
sainz,williams,2025,6,6.0,9.0,Miami Grand Prix,10.2,13.8,5,261,4.333333333333333,8.1
albon,williams,2025,6,7.0,5.0,Miami Grand Prix,10.2,8.4,20,12,13.666666666666666,8.6
leclerc,ferrari,2025,6,8.0,7.0,Miami Grand Prix,4.8,7.4,43,324,4.0,6.4
ocon,haas,2025,6,9.0,12.0,Miami Grand Prix,16.2,11.6,14,23,9.0,12.6
tsunoda,red_bull,2025,6,10.0,10.0,Miami Grand Prix,9.4,13.6,2,29,10.0,9.7
hadjar,rb,2025,6,11.0,11.0,Miami Grand Prix,10.2,12.4,5,0,12.4,10.6
hamilton,ferrari,2025,6,12.0,8.0,Miami Grand Prix,7.4,9.6,23,205,6.0,9.7
bortoleto,sauber,2025,6,13.0,18.0,Miami Grand Prix,17.8,17.0,0,0,17.0,15.4
doohan,alpine,2025,6,14.0,20.0,Miami Grand Prix,15.8,15.6,0,0,15.6,14.9
lawson,rb,2025,6,15.0,17.0,Miami Grand Prix,16.2,14.4,0,4,14.4,15.6
hulkenberg,sauber,2025,6,16.0,14.0,Miami Grand Prix,15.8,14.6,6,36,13.0,15.9
alonso,aston_martin,2025,6,17.0,15.0,Miami Grand Prix,12.8,14.2,0,69,7.666666666666667,14.9
gasly,alpine,2025,6,18.0,13.0,Miami Grand Prix,10.0,14.2,6,40,12.666666666666666,14.0
stroll,aston_martin,2025,6,19.0,16.0,Miami Grand Prix,16.4,13.6,10,24,13.0,17.7
bearman,haas,2025,6,20.0,19.0,Miami Grand Prix,16.4,11.0,6,7,11.0,18.2
piastri,mclaren,2025,7,1.0,3.0,Emilia Romagna Grand Prix,2.1666666666666665,2.6666666666666665,117,265,4.0,1.5833333333333333
max_verstappen,red_bull,2025,7,2.0,1.0,Emilia Romagna Grand Prix,2.8333333333333335,3.1666666666666665,93,396,5.0,2.416666666666667
russell,mercedes,2025,7,3.0,7.0,Emilia Romagna Grand Prix,3.5,3.5,83,224,11.5,3.25
norris,mclaren,2025,7,4.0,2.0,Emilia Romagna Grand Prix,4.0,2.3333333333333335,106,338,4.0,4.0
alonso,aston_martin,2025,7,5.0,11.0,Emilia Romagna Grand Prix,13.5,14.333333333333334,0,69,16.0,9.25
sainz,williams,2025,7,6.0,8.0,Emilia Romagna Grand Prix,9.5,13.0,7,261,9.25,7.75
albon,williams,2025,7,7.0,5.0,Emilia Romagna Grand Prix,9.666666666666666,7.833333333333333,30,12,15.333333333333334,8.333333333333332
stroll,aston_martin,2025,7,8.0,15.0,Emilia Romagna Grand Prix,16.833333333333332,14.0,10,24,10.0,12.416666666666666
hadjar,rb,2025,7,9.0,9.0,Emilia Romagna Grand Prix,10.333333333333334,12.166666666666666,5,0,12.166666666666666,9.666666666666668
gasly,alpine,2025,7,10.0,13.0,Emilia Romagna Grand Prix,11.333333333333334,14.0,6,40,13.75,10.666666666666668
leclerc,ferrari,2025,7,11.0,6.0,Emilia Romagna Grand Prix,5.333333333333333,7.333333333333333,49,324,4.5,8.166666666666666
hamilton,ferrari,2025,7,12.0,4.0,Emilia Romagna Grand Prix,8.166666666666666,9.333333333333334,27,205,5.5,10.083333333333332
antonelli,mercedes,2025,7,13.0,19.0,Emilia Romagna Grand Prix,7.0,6.5,44,0,6.5,10.0
bortoleto,sauber,2025,7,14.0,18.0,Emilia Romagna Grand Prix,17.0,17.166666666666668,0,0,17.166666666666668,15.5
colapinto,alpine,2025,7,15.0,16.0,Emilia Romagna Grand Prix,15.0,16.0,0,5,16.0,15.0
lawson,rb,2025,7,16.0,14.0,Emilia Romagna Grand Prix,16.0,14.833333333333334,0,4,14.833333333333334,16.0
hulkenberg,sauber,2025,7,17.0,12.0,Emilia Romagna Grand Prix,15.833333333333334,14.5,6,36,11.0,16.416666666666668
ocon,haas,2025,7,18.0,20.0,Emilia Romagna Grand Prix,15.0,11.666666666666666,14,23,14.0,16.5
bearman,haas,2025,7,19.0,17.0,Emilia Romagna Grand Prix,17.0,12.333333333333334,6,7,12.333333333333334,18.0
tsunoda,red_bull,2025,7,20.0,10.0,Emilia Romagna Grand Prix,9.5,13.0,3,29,9.666666666666666,14.75
norris,mclaren,2025,8,1.0,1.0,Monaco Grand Prix,4.0,2.2857142857142856,124,338,6.6,2.5
leclerc,ferrari,2025,8,2.0,2.0,Monaco Grand Prix,6.142857142857143,7.142857142857143,57,324,11.5,4.071428571428571
piastri,mclaren,2025,8,3.0,3.0,Monaco Grand Prix,2.0,2.7142857142857144,132,265,6.0,2.5
hamilton,ferrari,2025,8,4.0,5.0,Monaco Grand Prix,8.714285714285714,8.571428571428571,39,205,4.588235294117647,6.357142857142857
max_verstappen,red_bull,2025,8,5.0,4.0,Monaco Grand Prix,2.7142857142857144,2.857142857142857,118,396,7.222222222222222,3.857142857142857
hadjar,rb,2025,8,6.0,6.0,Monaco Grand Prix,10.142857142857142,11.714285714285714,7,0,11.714285714285714,8.071428571428571
alonso,aston_martin,2025,8,7.0,19.0,Monaco Grand Prix,12.285714285714286,13.857142857142858,0,69,7.6,9.642857142857142
ocon,haas,2025,8,8.0,7.0,Monaco Grand Prix,15.428571428571429,12.857142857142858,14,23,9.833333333333334,11.714285714285715
lawson,rb,2025,8,9.0,8.0,Monaco Grand Prix,16.0,14.714285714285714,0,4,14.714285714285714,12.5
albon,williams,2025,8,10.0,9.0,Monaco Grand Prix,9.285714285714286,7.428571428571429,40,12,12.25,9.642857142857142
sainz,williams,2025,8,11.0,10.0,Monaco Grand Prix,9.0,12.285714285714286,11,261,6.111111111111111,10.0
tsunoda,red_bull,2025,8,12.0,17.0,Monaco Grand Prix,11.0,12.571428571428571,4,29,14.0,11.5
hulkenberg,sauber,2025,8,13.0,16.0,Monaco Grand Prix,16.0,14.142857142857142,6,36,12.909090909090908,14.5
russell,mercedes,2025,8,14.0,11.0,Monaco Grand Prix,3.4285714285714284,4.0,89,224,8.8,8.714285714285714
antonelli,mercedes,2025,8,15.0,18.0,Monaco Grand Prix,7.857142857142857,8.285714285714286,44,0,8.285714285714286,11.428571428571429
bortoleto,sauber,2025,8,16.0,14.0,Monaco Grand Prix,16.571428571428573,17.285714285714285,0,0,17.285714285714285,16.285714285714285
bearman,haas,2025,8,17.0,12.0,Monaco Grand Prix,17.285714285714285,13.0,6,7,13.0,17.142857142857142
gasly,alpine,2025,8,18.0,20.0,Monaco Grand Prix,11.142857142857142,13.857142857142858,6,40,7.666666666666667,14.571428571428571
stroll,aston_martin,2025,8,19.0,15.0,Monaco Grand Prix,15.571428571428571,14.142857142857142,10,24,14.857142857142858,17.285714285714285
colapinto,alpine,2025,8,20.0,13.0,Monaco Grand Prix,15.0,16.0,0,5,16.0,17.5
piastri,mclaren,2025,9,1.0,1.0,Spanish Grand Prix,2.125,2.75,147,265,10.0,1.5625
norris,mclaren,2025,9,2.0,2.0,Spanish Grand Prix,3.625,2.125,149,338,10.833333333333334,2.8125
max_verstappen,red_bull,2025,9,3.0,10.0,Spanish Grand Prix,3.0,3.0,130,396,4.4,3.0
russell,mercedes,2025,9,4.0,4.0,Spanish Grand Prix,4.75,4.875,89,224,9.666666666666666,4.375
hamilton,ferrari,2025,9,5.0,6.0,Spanish Grand Prix,8.125,8.125,49,205,4.529411764705882,6.5625
antonelli,mercedes,2025,9,6.0,18.0,Spanish Grand Prix,8.75,9.5,44,0,9.5,7.375
leclerc,ferrari,2025,9,7.0,3.0,Spanish Grand Prix,5.625,6.5,75,324,10.714285714285714,6.3125
gasly,alpine,2025,9,8.0,8.0,Spanish Grand Prix,12.0,14.625,6,40,10.857142857142858,10.0
hadjar,rb,2025,9,9.0,7.0,Spanish Grand Prix,9.625,11.0,15,0,11.0,9.3125
alonso,aston_martin,2025,9,10.0,9.0,Spanish Grand Prix,11.625,14.5,0,69,8.2,10.8125
albon,williams,2025,9,11.0,19.0,Spanish Grand Prix,9.375,7.625,42,12,14.2,10.1875
bortoleto,sauber,2025,9,12.0,12.0,Spanish Grand Prix,16.5,16.875,0,0,16.875,14.25
lawson,rb,2025,9,13.0,11.0,Spanish Grand Prix,15.125,13.875,4,4,13.875,14.0625
stroll,aston_martin,2025,9,14.0,,Spanish Grand Prix,16.0,14.25,10,24,12.0,15.0
bearman,haas,2025,9,15.0,17.0,Spanish Grand Prix,17.25,12.875,6,7,12.875,16.125
hulkenberg,sauber,2025,9,16.0,5.0,Spanish Grand Prix,15.625,14.375,6,36,13.6,15.8125
ocon,haas,2025,9,17.0,16.0,Spanish Grand Prix,14.5,12.125,20,23,9.714285714285714,15.75
sainz,williams,2025,9,18.0,14.0,Spanish Grand Prix,9.25,12.0,12,261,6.5,13.625
colapinto,alpine,2025,9,19.0,15.0,Spanish Grand Prix,17.5,14.5,0,5,14.5,18.25
tsunoda,red_bull,2025,9,20.0,13.0,Spanish Grand Prix,11.125,13.125,4,29,15.25,15.5625
russell,mercedes,2025,10,1.0,1.0,Canadian Grand Prix,4.666666666666667,4.777777777777778,101,224,10.5,2.8333333333333335
max_verstappen,red_bull,2025,10,2.0,2.0,Canadian Grand Prix,3.0,3.7777777777777777,131,396,6.0,2.5
piastri,mclaren,2025,10,3.0,4.0,Canadian Grand Prix,2.0,2.5555555555555554,172,265,8.0,2.5
antonelli,mercedes,2025,10,4.0,3.0,Canadian Grand Prix,8.444444444444445,10.444444444444445,44,0,10.444444444444445,6.222222222222222
hamilton,ferrari,2025,10,5.0,6.0,Canadian Grand Prix,7.777777777777778,7.888888888888889,57,205,5.857142857142857,6.388888888888889
alonso,aston_martin,2025,10,6.0,7.0,Canadian Grand Prix,11.444444444444445,13.88888888888889,2,69,10.833333333333334,8.722222222222221
norris,mclaren,2025,10,7.0,18.0,Canadian Grand Prix,3.4444444444444446,2.111111111111111,167,338,12.5,5.222222222222222
leclerc,ferrari,2025,10,8.0,5.0,Canadian Grand Prix,5.777777777777778,6.111111111111111,90,324,8.2,6.888888888888889
hadjar,rb,2025,10,9.0,16.0,Canadian Grand Prix,9.555555555555555,10.555555555555555,21,0,10.555555555555555,9.277777777777779
albon,williams,2025,10,10.0,20.0,Canadian Grand Prix,9.555555555555555,8.88888888888889,42,12,14.0,9.777777777777779
tsunoda,red_bull,2025,10,11.0,12.0,Canadian Grand Prix,12.11111111111111,13.11111111111111,4,29,15.333333333333334,11.555555555555555
colapinto,alpine,2025,10,12.0,13.0,Canadian Grand Prix,18.0,14.666666666666666,0,5,14.666666666666666,15.0
hulkenberg,sauber,2025,10,13.0,8.0,Canadian Grand Prix,15.666666666666666,13.333333333333334,16,36,9.4,14.333333333333332
bearman,haas,2025,10,14.0,11.0,Canadian Grand Prix,17.0,13.333333333333334,6,7,13.333333333333334,15.5
ocon,haas,2025,10,15.0,9.0,Canadian Grand Prix,14.777777777777779,12.555555555555555,20,23,7.8,14.88888888888889
bortoleto,sauber,2025,10,16.0,14.0,Canadian Grand Prix,16.0,16.333333333333332,0,0,16.333333333333332,16.0
sainz,williams,2025,10,17.0,10.0,Canadian Grand Prix,10.222222222222221,12.222222222222221,12,261,10.375,13.61111111111111
stroll,aston_martin,2025,10,18.0,17.0,Canadian Grand Prix,15.777777777777779,14.25,10,24,10.666666666666666,16.88888888888889
lawson,rb,2025,10,19.0,19.0,Canadian Grand Prix,14.88888888888889,13.555555555555555,4,4,13.555555555555555,16.944444444444443
gasly,alpine,2025,10,20.0,15.0,Canadian Grand Prix,11.555555555555555,13.88888888888889,10,40,10.8,15.777777777777779
norris,mclaren,2025,11,1.0,1.0,Austrian Grand Prix,3.8,3.7,167,338,7.166666666666667,2.4
leclerc,ferrari,2025,11,2.0,3.0,Austrian Grand Prix,6.0,6.0,100,324,5.0,4.0
piastri,mclaren,2025,11,3.0,2.0,Austrian Grand Prix,2.1,2.7,184,265,9.0,2.55
hamilton,ferrari,2025,11,4.0,4.0,Austrian Grand Prix,7.5,7.7,65,205,4.818181818181818,5.75
russell,mercedes,2025,11,5.0,5.0,Austrian Grand Prix,4.3,4.4,126,224,9.333333333333334,4.65
lawson,rb,2025,11,6.0,6.0,Austrian Grand Prix,15.3,14.1,4,4,14.1,10.65
max_verstappen,red_bull,2025,11,7.0,18.0,Austrian Grand Prix,2.9,3.6,149,396,6.1,4.95
bortoleto,sauber,2025,11,8.0,8.0,Austrian Grand Prix,16.0,16.1,0,0,16.1,12.0
antonelli,mercedes,2025,11,9.0,19.0,Austrian Grand Prix,8.0,9.7,59,0,9.7,8.5
gasly,alpine,2025,11,10.0,13.0,Austrian Grand Prix,12.4,14.0,10,40,9.857142857142858,11.2
alonso,aston_martin,2025,11,11.0,7.0,Austrian Grand Prix,10.9,13.2,8,69,13.090909090909092,10.95
albon,williams,2025,11,12.0,17.0,Austrian Grand Prix,9.6,10.0,42,12,13.2,10.8
hadjar,rb,2025,11,13.0,12.0,Austrian Grand Prix,9.5,11.1,21,0,11.1,11.25
colapinto,alpine,2025,11,14.0,15.0,Austrian Grand Prix,16.5,14.25,0,5,14.25,15.25
bearman,haas,2025,11,15.0,11.0,Austrian Grand Prix,16.7,13.1,6,7,13.1,15.85
stroll,aston_martin,2025,11,16.0,14.0,Austrian Grand Prix,16.0,14.555555555555555,10,24,13.0,16.0
ocon,haas,2025,11,17.0,10.0,Austrian Grand Prix,14.8,12.2,22,23,10.428571428571429,15.9
tsunoda,red_bull,2025,11,18.0,16.0,Austrian Grand Prix,12.0,13.0,4,29,15.25,15.0
sainz,williams,2025,11,19.0,20.0,Austrian Grand Prix,10.9,12.0,13,261,9.8,14.95
hulkenberg,sauber,2025,11,20.0,9.0,Austrian Grand Prix,15.4,12.8,20,36,13.25,17.7
max_verstappen,red_bull,2025,12,1.0,5.0,British Grand Prix,3.272727272727273,4.909090909090909,149,396,7.4,2.1363636363636367
piastri,mclaren,2025,12,2.0,2.0,British Grand Prix,2.1818181818181817,2.6363636363636362,202,265,4.0,2.090909090909091
norris,mclaren,2025,12,3.0,1.0,British Grand Prix,3.5454545454545454,3.4545454545454546,192,338,5.166666666666667,3.2727272727272725
russell,mercedes,2025,12,4.0,10.0,British Grand Prix,4.363636363636363,4.454545454545454,136,224,13.333333333333334,4.181818181818182
hamilton,ferrari,2025,12,5.0,4.0,British Grand Prix,7.181818181818182,7.363636363636363,77,205,2.9411764705882355,6.090909090909091
leclerc,ferrari,2025,12,6.0,14.0,British Grand Prix,5.636363636363637,5.7272727272727275,115,324,7.714285714285714,5.818181818181818
antonelli,mercedes,2025,12,7.0,16.0,British Grand Prix,8.090909090909092,10.545454545454545,59,0,10.545454545454545,7.545454545454546
bearman,haas,2025,12,8.0,11.0,British Grand Prix,16.545454545454547,12.909090909090908,6,7,12.909090909090908,12.272727272727273
alonso,aston_martin,2025,12,9.0,9.0,British Grand Prix,10.909090909090908,12.636363636363637,14,69,8.4,9.954545454545453
gasly,alpine,2025,12,10.0,6.0,British Grand Prix,12.181818181818182,13.909090909090908,10,40,12.714285714285714,11.09090909090909
sainz,williams,2025,12,11.0,12.0,British Grand Prix,11.636363636363637,12.727272727272727,13,261,9.9,11.318181818181818
tsunoda,red_bull,2025,12,12.0,15.0,British Grand Prix,12.545454545454545,13.272727272727273,4,29,12.5,12.272727272727273
hadjar,rb,2025,12,13.0,17.0,British Grand Prix,9.818181818181818,11.181818181818182,21,0,11.181818181818182,11.40909090909091
albon,williams,2025,12,14.0,8.0,British Grand Prix,9.818181818181818,10.636363636363637,42,12,11.4,11.90909090909091
ocon,haas,2025,12,15.0,13.0,British Grand Prix,15.0,12.0,23,23,11.571428571428571,15.0
lawson,rb,2025,12,16.0,19.0,British Grand Prix,14.454545454545455,13.363636363636363,12,4,13.363636363636363,15.227272727272727
bortoleto,sauber,2025,12,17.0,18.0,British Grand Prix,15.272727272727273,15.363636363636363,4,0,15.363636363636363,16.136363636363637
stroll,aston_martin,2025,12,18.0,7.0,British Grand Prix,16.0,14.5,10,24,11.25,17.0
hulkenberg,sauber,2025,12,19.0,3.0,British Grand Prix,15.818181818181818,12.454545454545455,22,36,9.545454545454545,17.40909090909091
colapinto,alpine,2025,12,20.0,20.0,British Grand Prix,16.0,14.4,0,5,14.4,18.0
norris,mclaren,2025,13,1.0,2.0,Belgian Grand Prix,3.5,3.25,217,338,9.333333333333334,2.25
piastri,mclaren,2025,13,2.0,1.0,Belgian Grand Prix,2.1666666666666665,2.5833333333333335,220,265,11.0,2.083333333333333
leclerc,ferrari,2025,13,3.0,3.0,Belgian Grand Prix,5.666666666666667,6.416666666666667,115,324,7.571428571428571,4.333333333333334
max_verstappen,red_bull,2025,13,4.0,4.0,Belgian Grand Prix,3.0833333333333335,4.916666666666667,159,396,7.1,3.541666666666667
albon,williams,2025,13,5.0,6.0,Belgian Grand Prix,10.166666666666666,10.416666666666666,46,12,9.4,7.583333333333333
russell,mercedes,2025,13,6.0,5.0,Belgian Grand Prix,4.333333333333333,4.916666666666667,137,224,11.0,5.166666666666666
tsunoda,red_bull,2025,13,7.0,13.0,Belgian Grand Prix,12.5,13.416666666666666,4,29,13.5,9.75
hadjar,rb,2025,13,8.0,20.0,Belgian Grand Prix,10.083333333333334,11.666666666666666,21,0,11.666666666666666,9.041666666666668
lawson,rb,2025,13,9.0,8.0,Belgian Grand Prix,14.583333333333334,13.833333333333334,12,4,13.833333333333334,11.791666666666668
bortoleto,sauber,2025,13,10.0,9.0,Belgian Grand Prix,15.416666666666666,15.583333333333334,4,0,15.583333333333334,12.708333333333332
ocon,haas,2025,13,11.0,15.0,Belgian Grand Prix,15.0,12.083333333333334,23,23,8.375,13.0
bearman,haas,2025,13,12.0,11.0,Belgian Grand Prix,15.833333333333334,12.75,6,7,12.75,13.916666666666668
gasly,alpine,2025,13,13.0,10.0,Belgian Grand Prix,12.0,13.25,18,40,9.285714285714286,12.5
hulkenberg,sauber,2025,13,14.0,12.0,Belgian Grand Prix,16.083333333333332,11.666666666666666,37,36,13.1,15.041666666666666
sainz,williams,2025,13,15.0,18.0,Belgian Grand Prix,11.583333333333334,12.666666666666666,13,261,13.5,13.291666666666668
hamilton,ferrari,2025,13,16.0,7.0,Belgian Grand Prix,7.0,7.083333333333333,89,205,6.411764705882353,11.5
colapinto,alpine,2025,13,17.0,19.0,Belgian Grand Prix,16.666666666666668,15.333333333333334,0,5,15.333333333333334,16.833333333333336
antonelli,mercedes,2025,13,18.0,16.0,Belgian Grand Prix,8.0,11.0,59,0,11.0,13.0
alonso,aston_martin,2025,13,19.0,17.0,Belgian Grand Prix,10.75,12.333333333333334,16,69,10.11111111111111,14.875
stroll,aston_martin,2025,13,20.0,14.0,Belgian Grand Prix,16.166666666666668,13.818181818181818,16,24,11.75,18.083333333333336
leclerc,ferrari,2025,14,1.0,4.0,Hungarian Grand Prix,5.461538461538462,6.153846153846154,130,324,10.0,3.230769230769231
piastri,mclaren,2025,14,2.0,2.0,Hungarian Grand Prix,2.1538461538461537,2.4615384615384617,245,265,3.0,2.0769230769230766
norris,mclaren,2025,14,3.0,1.0,Hungarian Grand Prix,3.3076923076923075,3.1538461538461537,235,338,8.0,3.1538461538461537
russell,mercedes,2025,14,4.0,3.0,Hungarian Grand Prix,4.461538461538462,4.923076923076923,147,224,9.833333333333334,4.230769230769231
alonso,aston_martin,2025,14,5.0,5.0,Hungarian Grand Prix,11.384615384615385,12.692307692307692,16,69,7.2631578947368425,8.192307692307693
stroll,aston_martin,2025,14,6.0,7.0,Hungarian Grand Prix,16.46153846153846,13.833333333333334,16,24,12.75,11.23076923076923
bortoleto,sauber,2025,14,7.0,6.0,Hungarian Grand Prix,15.0,15.076923076923077,6,0,15.076923076923077,11.0
max_verstappen,red_bull,2025,14,8.0,9.0,Hungarian Grand Prix,3.1538461538461537,4.846153846153846,171,396,5.3,5.576923076923077
lawson,rb,2025,14,9.0,8.0,Hungarian Grand Prix,14.153846153846153,13.384615384615385,16,4,13.384615384615385,11.576923076923077
hadjar,rb,2025,14,10.0,11.0,Hungarian Grand Prix,9.923076923076923,12.307692307692308,21,0,12.307692307692308,9.961538461538462
bearman,haas,2025,14,11.0,20.0,Hungarian Grand Prix,15.538461538461538,12.615384615384615,6,7,12.615384615384615,13.26923076923077
hamilton,ferrari,2025,14,12.0,12.0,Hungarian Grand Prix,7.6923076923076925,7.076923076923077,95,205,3.6875,9.846153846153847
sainz,williams,2025,14,13.0,14.0,Hungarian Grand Prix,11.846153846153847,13.076923076923077,13,261,7.6,12.423076923076923
colapinto,alpine,2025,14,14.0,18.0,Hungarian Grand Prix,16.714285714285715,15.857142857142858,0,5,15.857142857142858,15.357142857142858
antonelli,mercedes,2025,14,15.0,10.0,Hungarian Grand Prix,8.76923076923077,11.384615384615385,59,0,11.384615384615385,11.884615384615385
tsunoda,red_bull,2025,14,16.0,17.0,Hungarian Grand Prix,12.076923076923077,13.384615384615385,4,29,12.25,14.038461538461538
gasly,alpine,2025,14,17.0,19.0,Hungarian Grand Prix,12.076923076923077,13.0,19,40,12.714285714285714,14.538461538461538
ocon,haas,2025,14,18.0,16.0,Hungarian Grand Prix,14.692307692307692,12.307692307692308,23,23,11.857142857142858,16.346153846153847
hulkenberg,sauber,2025,14,19.0,13.0,Hungarian Grand Prix,15.923076923076923,11.692307692307692,37,36,13.777777777777779,17.46153846153846
albon,williams,2025,14,20.0,15.0,Hungarian Grand Prix,9.76923076923077,10.076923076923077,54,12,11.4,14.884615384615385
piastri,mclaren,2025,15,1.0,1.0,Dutch Grand Prix,2.142857142857143,2.4285714285714284,263,265,6.5,1.5714285714285714
norris,mclaren,2025,15,2.0,18.0,Dutch Grand Prix,3.2857142857142856,3.0,260,338,6.25,2.642857142857143
max_verstappen,red_bull,2025,15,3.0,2.0,Dutch Grand Prix,3.5,5.142857142857143,173,396,1.25,3.25
hadjar,rb,2025,15,4.0,3.0,Dutch Grand Prix,9.928571428571429,12.214285714285714,21,0,12.214285714285714,6.964285714285714
russell,mercedes,2025,15,5.0,4.0,Dutch Grand Prix,4.428571428571429,4.785714285714286,162,224,10.75,4.714285714285714
leclerc,ferrari,2025,15,6.0,19.0,Dutch Grand Prix,5.142857142857143,6.0,142,324,7.5,5.571428571428571
hamilton,ferrari,2025,15,7.0,20.0,Dutch Grand Prix,8.0,7.428571428571429,95,205,5.0,7.5
lawson,rb,2025,15,8.0,12.0,Dutch Grand Prix,13.785714285714286,13.0,20,4,13.0,10.892857142857142
sainz,williams,2025,15,9.0,13.0,Dutch Grand Prix,11.928571428571429,13.142857142857142,13,261,6.25,10.464285714285715
alonso,aston_martin,2025,15,10.0,8.0,Dutch Grand Prix,10.928571428571429,12.142857142857142,26,69,6.0,10.464285714285715
antonelli,mercedes,2025,15,11.0,16.0,Dutch Grand Prix,9.214285714285714,11.285714285714286,60,0,11.285714285714286,10.107142857142858
tsunoda,red_bull,2025,15,12.0,9.0,Dutch Grand Prix,12.357142857142858,13.642857142857142,4,29,17.75,12.178571428571429
bortoleto,sauber,2025,15,13.0,15.0,Dutch Grand Prix,14.428571428571429,14.428571428571429,14,0,14.428571428571429,13.714285714285715
gasly,alpine,2025,15,14.0,17.0,Dutch Grand Prix,12.428571428571429,13.428571428571429,19,40,6.75,13.214285714285715
albon,williams,2025,15,15.0,5.0,Dutch Grand Prix,10.5,10.428571428571429,54,12,11.333333333333334,12.75
colapinto,alpine,2025,15,16.0,11.0,Dutch Grand Prix,16.375,16.125,0,5,16.125,16.1875
hulkenberg,sauber,2025,15,17.0,14.0,Dutch Grand Prix,16.142857142857142,11.785714285714286,37,36,11.5,16.57142857142857
ocon,haas,2025,15,18.0,10.0,Dutch Grand Prix,14.928571428571429,12.571428571428571,23,23,10.75,16.464285714285715
bearman,haas,2025,15,19.0,6.0,Dutch Grand Prix,15.214285714285714,13.142857142857142,6,7,13.142857142857142,17.107142857142858
stroll,aston_martin,2025,15,20.0,7.0,Dutch Grand Prix,15.714285714285714,13.307692307692308,22,24,11.5,17.857142857142858
max_verstappen,red_bull,2025,16,1.0,1.0,Italian Grand Prix,3.466666666666667,4.933333333333334,191,396,8.5,2.2333333333333334
norris,mclaren,2025,16,2.0,2.0,Italian Grand Prix,3.2,4.0,260,338,5.666666666666667,2.6
piastri,mclaren,2025,16,3.0,3.0,Italian Grand Prix,2.066666666666667,2.3333333333333335,288,265,7.0,2.533333333333333
leclerc,ferrari,2025,16,4.0,4.0,Italian Grand Prix,5.2,6.866666666666666,142,324,5.857142857142857,4.6
hamilton,ferrari,2025,16,5.0,6.0,Italian Grand Prix,7.933333333333334,8.266666666666667,95,205,5.764705882352941,6.466666666666667
russell,mercedes,2025,16,6.0,5.0,Italian Grand Prix,4.466666666666667,4.733333333333333,174,224,8.666666666666666,5.233333333333333
antonelli,mercedes,2025,16,7.0,9.0,Italian Grand Prix,9.333333333333334,11.6,60,0,11.6,8.166666666666668
bortoleto,sauber,2025,16,8.0,8.0,Italian Grand Prix,14.333333333333334,14.466666666666667,14,0,14.466666666666667,11.166666666666668
alonso,aston_martin,2025,16,9.0,19.0,Italian Grand Prix,10.866666666666667,11.866666666666667,30,69,10.5,9.933333333333334
tsunoda,red_bull,2025,16,10.0,13.0,Italian Grand Prix,12.333333333333334,13.333333333333334,6,29,18.5,11.166666666666668
bearman,haas,2025,16,11.0,12.0,Italian Grand Prix,15.466666666666667,12.666666666666666,14,7,12.666666666666666,13.233333333333334
hulkenberg,sauber,2025,16,12.0,20.0,Italian Grand Prix,16.2,11.933333333333334,37,36,12.2,14.1
sainz,williams,2025,16,13.0,11.0,Italian Grand Prix,11.733333333333333,13.133333333333333,13,261,8.7,12.366666666666667
albon,williams,2025,16,14.0,7.0,Italian Grand Prix,10.8,10.066666666666666,64,12,9.25,12.4
ocon,haas,2025,16,15.0,15.0,Italian Grand Prix,15.133333333333333,12.4,24,23,11.5,15.066666666666666
hadjar,rb,2025,16,16.0,10.0,Italian Grand Prix,9.533333333333333,11.6,36,0,11.6,12.766666666666666
stroll,aston_martin,2025,16,17.0,18.0,Italian Grand Prix,16.0,12.857142857142858,28,24,11.375,16.5
colapinto,alpine,2025,16,18.0,17.0,Italian Grand Prix,16.333333333333332,15.555555555555555,0,5,12.0,17.166666666666664
gasly,alpine,2025,16,19.0,16.0,Italian Grand Prix,12.533333333333333,13.666666666666666,19,40,11.857142857142858,15.766666666666666
lawson,rb,2025,16,20.0,14.0,Italian Grand Prix,13.4,12.933333333333334,20,4,11.0,16.7
max_verstappen,red_bull,2025,17,1.0,1.0,Azerbaijan Grand Prix,3.3125,4.6875,216,396,9.142857142857142,2.15625
sainz,williams,2025,17,2.0,3.0,Azerbaijan Grand Prix,11.8125,13.0,13,261,10.142857142857142,6.90625
lawson,rb,2025,17,3.0,5.0,Azerbaijan Grand Prix,13.8125,13.0,20,4,13.0,8.40625
antonelli,mercedes,2025,17,4.0,4.0,Azerbaijan Grand Prix,9.1875,11.4375,62,0,11.4375,6.59375
russell,mercedes,2025,17,5.0,2.0,Azerbaijan Grand Prix,4.5625,4.75,184,224,9.2,4.78125
tsunoda,red_bull,2025,17,6.0,6.0,Azerbaijan Grand Prix,12.1875,13.3125,6,29,12.5,9.09375
norris,mclaren,2025,17,7.0,7.0,Azerbaijan Grand Prix,3.125,3.875,278,338,7.0,5.0625
hadjar,rb,2025,17,8.0,10.0,Azerbaijan Grand Prix,9.9375,11.5,37,0,11.5,8.96875
piastri,mclaren,2025,17,9.0,20.0,Azerbaijan Grand Prix,2.125,2.375,303,265,6.0,5.5625
leclerc,ferrari,2025,17,10.0,9.0,Azerbaijan Grand Prix,5.125,6.6875,154,324,6.5,7.5625
alonso,aston_martin,2025,17,11.0,15.0,Azerbaijan Grand Prix,10.75,12.3125,30,69,6.5,10.875
hamilton,ferrari,2025,17,12.0,8.0,Azerbaijan Grand Prix,7.75,8.125,103,205,6.0,9.875
bortoleto,sauber,2025,17,13.0,11.0,Azerbaijan Grand Prix,13.9375,14.0625,18,0,14.0625,13.46875
stroll,aston_martin,2025,17,14.0,17.0,Azerbaijan Grand Prix,16.0625,13.2,28,24,11.571428571428571,15.03125
bearman,haas,2025,17,15.0,12.0,Azerbaijan Grand Prix,15.1875,12.625,14,7,10.0,15.09375
colapinto,alpine,2025,17,16.0,19.0,Azerbaijan Grand Prix,16.5,15.7,0,5,8.0,16.25
hulkenberg,sauber,2025,17,17.0,16.0,Azerbaijan Grand Prix,15.9375,12.4375,37,36,15.4,16.46875
gasly,alpine,2025,17,18.0,18.0,Azerbaijan Grand Prix,12.9375,13.8125,19,40,10.5,15.46875
albon,williams,2025,17,19.0,13.0,Azerbaijan Grand Prix,11.0,9.875,70,12,10.5,15.0
ocon,haas,2025,17,20.0,14.0,Azerbaijan Grand Prix,15.125,12.5625,24,23,14.166666666666666,17.5625
russell,mercedes,2025,18,1.0,1.0,Singapore Grand Prix,4.588235294117647,4.588235294117647,202,224,13.5,2.7941176470588234
max_verstappen,red_bull,2025,18,2.0,2.0,Singapore Grand Prix,3.176470588235294,4.470588235294118,241,396,6.5,2.5882352941176467
piastri,mclaren,2025,18,3.0,4.0,Singapore Grand Prix,2.5294117647058822,3.411764705882353,303,265,5.0,2.764705882352941
antonelli,mercedes,2025,18,4.0,5.0,Singapore Grand Prix,8.882352941176471,11.0,74,0,11.0,6.4411764705882355
norris,mclaren,2025,18,5.0,3.0,Singapore Grand Prix,3.3529411764705883,4.0588235294117645,284,338,3.5,4.176470588235294
hamilton,ferrari,2025,18,6.0,8.0,Singapore Grand Prix,8.0,8.117647058823529,107,205,5.6923076923076925,7.0
leclerc,ferrari,2025,18,7.0,6.0,Singapore Grand Prix,5.411764705882353,6.823529411764706,156,324,4.4,6.205882352941177
hadjar,rb,2025,18,8.0,11.0,Singapore Grand Prix,9.823529411764707,11.411764705882353,38,0,11.411764705882353,8.911764705882353
bearman,haas,2025,18,9.0,9.0,Singapore Grand Prix,15.176470588235293,12.588235294117647,14,7,12.588235294117647,12.088235294117647
alonso,aston_martin,2025,18,10.0,7.0,Singapore Grand Prix,10.764705882352942,12.470588235294118,30,69,8.5,10.382352941176471
hulkenberg,sauber,2025,18,11.0,20.0,Singapore Grand Prix,16.0,12.647058823529411,37,36,12.777777777777779,13.5
lawson,rb,2025,18,12.0,15.0,Singapore Grand Prix,13.176470588235293,12.529411764705882,30,4,9.0,12.588235294117647
tsunoda,red_bull,2025,18,13.0,12.0,Singapore Grand Prix,11.823529411764707,12.882352941176471,14,29,15.333333333333334,12.411764705882353
bortoleto,sauber,2025,18,14.0,17.0,Singapore Grand Prix,13.882352941176471,13.882352941176471,18,0,13.882352941176471,13.941176470588236
stroll,aston_martin,2025,18,15.0,13.0,Singapore Grand Prix,15.941176470588236,13.4375,28,24,11.0,15.470588235294118
colapinto,alpine,2025,18,16.0,16.0,Singapore Grand Prix,16.454545454545453,16.0,0,5,11.0,16.227272727272727
ocon,haas,2025,18,17.0,18.0,Singapore Grand Prix,15.411764705882353,12.647058823529411,24,23,15.833333333333334,16.205882352941178
gasly,alpine,2025,18,18.0,19.0,Singapore Grand Prix,13.235294117647058,14.058823529411764,19,40,10.8,15.617647058823529
albon,williams,2025,18,19.0,14.0,Singapore Grand Prix,11.470588235294118,10.058823529411764,70,12,13.5,15.235294117647058
sainz,williams,2025,18,20.0,10.0,Singapore Grand Prix,11.235294117647058,12.411764705882353,28,261,7.25,15.617647058823529
max_verstappen,red_bull,2025,19,1.0,1.0,United States Grand Prix,3.111111111111111,4.333333333333333,259,396,4.333333333333333,2.0555555555555554
norris,mclaren,2025,19,2.0,2.0,United States Grand Prix,3.4444444444444446,4.0,299,338,5.4,2.7222222222222223
leclerc,ferrari,2025,19,3.0,3.0,United States Grand Prix,5.5,6.777777777777778,164,324,7.833333333333333,4.25
russell,mercedes,2025,19,4.0,6.0,United States Grand Prix,4.388888888888889,4.388888888888889,227,224,9.4,4.194444444444445
hamilton,ferrari,2025,19,5.0,4.0,United States Grand Prix,7.888888888888889,8.11111111111111,111,205,4.818181818181818,6.444444444444445
piastri,mclaren,2025,19,6.0,5.0,United States Grand Prix,2.5555555555555554,3.4444444444444446,315,265,11.0,4.277777777777778
antonelli,mercedes,2025,19,7.0,13.0,United States Grand Prix,8.61111111111111,10.666666666666666,84,0,10.666666666666666,7.805555555555555
bearman,haas,2025,19,8.0,9.0,United States Grand Prix,14.833333333333334,12.38888888888889,16,7,12.38888888888889,11.416666666666668
sainz,williams,2025,19,9.0,20.0,United States Grand Prix,11.722222222222221,12.277777777777779,29,261,7.444444444444445,10.36111111111111
alonso,aston_martin,2025,19,10.0,10.0,United States Grand Prix,10.722222222222221,12.166666666666666,36,69,12.066666666666666,10.36111111111111
hulkenberg,sauber,2025,19,11.0,8.0,United States Grand Prix,15.722222222222221,13.055555555555555,37,36,13.25,13.36111111111111
lawson,rb,2025,19,12.0,11.0,United States Grand Prix,13.11111111111111,12.666666666666666,30,4,9.0,12.555555555555555
tsunoda,red_bull,2025,19,13.0,7.0,United States Grand Prix,11.88888888888889,12.833333333333334,14,29,10.25,12.444444444444445
gasly,alpine,2025,19,14.0,19.0,United States Grand Prix,13.5,14.333333333333334,19,40,13.333333333333334,13.75
colapinto,alpine,2025,19,15.0,17.0,United States Grand Prix,16.416666666666668,16.0,0,5,10.0,15.708333333333334
bortoleto,sauber,2025,19,16.0,18.0,United States Grand Prix,13.88888888888889,14.055555555555555,18,0,14.055555555555555,14.944444444444445
ocon,haas,2025,19,17.0,15.0,United States Grand Prix,15.5,12.944444444444445,24,23,15.571428571428571,16.25
stroll,aston_martin,2025,19,18.0,12.0,United States Grand Prix,15.88888888888889,13.411764705882353,28,24,12.857142857142858,16.944444444444443
albon,williams,2025,19,19.0,14.0,United States Grand Prix,11.88888888888889,10.277777777777779,70,12,10.75,15.444444444444445
hadjar,rb,2025,19,20.0,16.0,United States Grand Prix,9.722222222222221,11.38888888888889,38,0,11.38888888888889,14.86111111111111
norris,mclaren,2025,20,1.0,1.0,Mexico City Grand Prix,3.3684210526315788,3.8947368421052633,317,338,6.5,2.1842105263157894
leclerc,ferrari,2025,20,2.0,2.0,Mexico City Grand Prix,5.368421052631579,6.578947368421052,179,324,4.25,3.6842105263157894
hamilton,ferrari,2025,20,3.0,8.0,Mexico City Grand Prix,7.7368421052631575,7.894736842105263,123,205,2.5,5.368421052631579
russell,mercedes,2025,20,4.0,7.0,Mexico City Grand Prix,4.368421052631579,4.473684210526316,235,224,7.75,4.184210526315789
max_verstappen,red_bull,2025,20,5.0,3.0,Mexico City Grand Prix,3.0,4.157894736842105,284,396,2.25,4.0
antonelli,mercedes,2025,20,6.0,6.0,Mexico City Grand Prix,8.526315789473685,10.789473684210526,84,0,10.789473684210526,7.2631578947368425
sainz,williams,2025,20,7.0,17.0,Mexico City Grand Prix,11.578947368421053,12.68421052631579,29,261,4.0,9.289473684210527
piastri,mclaren,2025,20,8.0,5.0,Mexico City Grand Prix,2.736842105263158,3.526315789473684,325,265,8.0,5.368421052631579
hadjar,rb,2025,20,9.0,13.0,Mexico City Grand Prix,10.263157894736842,11.631578947368421,38,0,11.631578947368421,9.631578947368421
bearman,haas,2025,20,10.0,4.0,Mexico City Grand Prix,14.473684210526315,12.210526315789474,18,7,12.210526315789474,12.236842105263158
tsunoda,red_bull,2025,20,11.0,11.0,Mexico City Grand Prix,11.947368421052632,12.526315789473685,20,29,18.0,11.473684210526315
ocon,haas,2025,20,12.0,9.0,Mexico City Grand Prix,15.578947368421053,13.052631578947368,24,23,11.0,13.789473684210527
hulkenberg,sauber,2025,20,13.0,19.0,Mexico City Grand Prix,15.473684210526315,12.789473684210526,41,36,11.0,14.236842105263158
alonso,aston_martin,2025,20,14.0,18.0,Mexico City Grand Prix,10.68421052631579,12.052631578947368,37,69,16.0,12.342105263157894
lawson,rb,2025,20,15.0,20.0,Mexico City Grand Prix,13.052631578947368,12.578947368421053,30,4,16.0,14.026315789473685
bortoleto,sauber,2025,20,16.0,10.0,Mexico City Grand Prix,14.0,14.263157894736842,18,0,14.263157894736842,15.0
albon,williams,2025,20,17.0,12.0,Mexico City Grand Prix,12.263157894736842,10.473684210526315,70,12,13.333333333333334,14.631578947368421
gasly,alpine,2025,20,18.0,15.0,Mexico City Grand Prix,13.526315789473685,14.578947368421053,19,40,9.0,15.763157894736842
stroll,aston_martin,2025,20,19.0,14.0,Mexico City Grand Prix,16.0,13.333333333333334,28,24,14.25,17.5
colapinto,alpine,2025,20,20.0,16.0,Mexico City Grand Prix,16.307692307692307,16.076923076923077,0,5,12.0,18.153846153846153
norris,mclaren,2025,21,1.0,1.0,São Paulo Grand Prix,3.25,3.75,342,338,9.0,2.125
antonelli,mercedes,2025,21,2.0,2.0,São Paulo Grand Prix,8.4,10.55,92,0,10.55,5.2
leclerc,ferrari,2025,21,3.0,19.0,São Paulo Grand Prix,5.2,6.35,197,324,8.5,4.1
piastri,mclaren,2025,21,4.0,5.0,São Paulo Grand Prix,3.0,3.6,335,265,11.0,3.5
hadjar,rb,2025,21,5.0,8.0,São Paulo Grand Prix,10.2,11.7,38,0,11.7,7.6
russell,mercedes,2025,21,6.0,4.0,São Paulo Grand Prix,4.35,4.6,241,224,8.25,5.175
lawson,rb,2025,21,7.0,7.0,São Paulo Grand Prix,13.15,12.95,30,4,9.0,10.075
bearman,haas,2025,21,8.0,6.0,São Paulo Grand Prix,14.25,11.8,30,7,12.0,11.125
gasly,alpine,2025,21,9.0,10.0,São Paulo Grand Prix,13.75,14.6,19,40,7.75,11.375
hulkenberg,sauber,2025,21,10.0,9.0,São Paulo Grand Prix,15.35,13.1,41,36,16.0,12.675
alonso,aston_martin,2025,21,11.0,14.0,São Paulo Grand Prix,10.85,12.35,37,69,7.75,10.925
albon,williams,2025,21,12.0,11.0,São Paulo Grand Prix,12.5,10.55,70,12,17.333333333333332,12.25
hamilton,ferrari,2025,21,13.0,18.0,São Paulo Grand Prix,7.5,7.9,127,205,5.25,10.25
stroll,aston_martin,2025,21,14.0,16.0,São Paulo Grand Prix,16.15,13.368421052631579,28,24,13.5,15.075
sainz,williams,2025,21,15.0,13.0,São Paulo Grand Prix,11.35,12.9,29,261,7.75,13.175
max_verstappen,red_bull,2025,21,16.0,3.0,São Paulo Grand Prix,3.1,4.1,299,396,2.5,9.55
ocon,haas,2025,21,17.0,12.0,São Paulo Grand Prix,15.4,12.85,26,23,7.0,16.2
colapinto,alpine,2025,21,18.0,15.0,São Paulo Grand Prix,16.571428571428573,16.071428571428573,0,5,17.0,17.285714285714285
tsunoda,red_bull,2025,21,19.0,17.0,São Paulo Grand Prix,11.9,12.45,20,29,12.0,15.45
nan,nan,2025,21,,,São Paulo Grand Prix,,,0,0,,
norris,mclaren,2025,22,1.0,19.0,Las Vegas Grand Prix,3.142857142857143,3.619047619047619,367,338,13.0,2.071428571428571
max_verstappen,red_bull,2025,22,2.0,1.0,Las Vegas Grand Prix,3.7142857142857144,4.0476190476190474,314,396,3.0,2.857142857142857
sainz,williams,2025,22,3.0,5.0,Las Vegas Grand Prix,11.523809523809524,12.904761904761905,29,261,4.5,7.261904761904762
russell,mercedes,2025,22,4.0,2.0,Las Vegas Grand Prix,4.428571428571429,4.571428571428571,253,224,4.5,4.214285714285714
piastri,mclaren,2025,22,5.0,20.0,Las Vegas Grand Prix,3.0476190476190474,3.6666666666666665,345,265,8.5,4.023809523809524
lawson,rb,2025,22,6.0,14.0,Las Vegas Grand Prix,12.857142857142858,12.666666666666666,36,4,16.0,9.428571428571429
alonso,aston_martin,2025,22,7.0,11.0,Las Vegas Grand Prix,10.857142857142858,12.428571428571429,37,69,10.0,8.928571428571429
hadjar,rb,2025,22,8.0,6.0,Las Vegas Grand Prix,9.952380952380953,11.523809523809524,42,0,11.523809523809524,8.976190476190476
leclerc,ferrari,2025,22,9.0,4.0,Las Vegas Grand Prix,5.095238095238095,6.9523809523809526,197,324,3.0,7.0476190476190474
gasly,alpine,2025,22,10.0,13.0,Las Vegas Grand Prix,13.523809523809524,14.380952380952381,20,40,15.5,11.761904761904763
hulkenberg,sauber,2025,22,11.0,7.0,Las Vegas Grand Prix,15.095238095238095,12.904761904761905,43,36,13.5,13.047619047619047
stroll,aston_martin,2025,22,12.0,18.0,Las Vegas Grand Prix,16.047619047619047,13.5,28,24,10.0,14.023809523809524
ocon,haas,2025,22,13.0,9.0,Las Vegas Grand Prix,15.476190476190476,12.80952380952381,26,23,10.5,14.238095238095237
bearman,haas,2025,22,14.0,10.0,Las Vegas Grand Prix,13.952380952380953,11.523809523809524,38,7,11.523809523809524,13.976190476190476
colapinto,alpine,2025,22,15.0,15.0,Las Vegas Grand Prix,16.666666666666668,16.0,0,5,14.0,15.833333333333334
albon,williams,2025,22,16.0,16.0,Las Vegas Grand Prix,12.476190476190476,10.571428571428571,70,12,15.5,14.238095238095237
antonelli,mercedes,2025,22,17.0,3.0,Las Vegas Grand Prix,8.095238095238095,10.142857142857142,110,0,10.142857142857142,12.547619047619047
bortoleto,sauber,2025,22,18.0,17.0,Las Vegas Grand Prix,14.1,14.333333333333334,19,0,14.333333333333334,16.05
tsunoda,red_bull,2025,22,19.0,12.0,Las Vegas Grand Prix,12.238095238095237,12.666666666666666,20,29,13.5,15.619047619047619
hamilton,ferrari,2025,22,20.0,8.0,Las Vegas Grand Prix,7.761904761904762,8.380952380952381,127,205,4.5,13.880952380952381
piastri,mclaren,2025,23,1.0,2.0,Qatar Grand Prix,3.1363636363636362,4.409090909090909,345,265,2.5,2.0681818181818183
norris,mclaren,2025,23,2.0,4.0,Qatar Grand Prix,3.0454545454545454,4.318181818181818,367,338,7.333333333333333,2.5227272727272725
max_verstappen,red_bull,2025,23,3.0,1.0,Qatar Grand Prix,3.6363636363636362,3.909090909090909,339,396,1.3333333333333333,3.3181818181818183
russell,mercedes,2025,23,4.0,6.0,Qatar Grand Prix,4.409090909090909,4.454545454545454,271,224,8.333333333333334,4.204545454545455
antonelli,mercedes,2025,23,5.0,5.0,Qatar Grand Prix,8.5,9.818181818181818,125,0,9.818181818181818,6.75
hadjar,rb,2025,23,6.0,18.0,Qatar Grand Prix,9.863636363636363,11.272727272727273,50,0,11.272727272727273,7.931818181818182
sainz,williams,2025,23,7.0,3.0,Qatar Grand Prix,11.136363636363637,12.545454545454545,39,261,11.0,9.068181818181818
alonso,aston_martin,2025,23,8.0,7.0,Qatar Grand Prix,10.681818181818182,12.363636363636363,37,69,5.333333333333333,9.34090909090909
gasly,alpine,2025,23,9.0,16.0,Qatar Grand Prix,13.363636363636363,14.318181818181818,20,40,9.333333333333334,11.181818181818182
leclerc,ferrari,2025,23,10.0,8.0,Qatar Grand Prix,5.2727272727272725,6.818181818181818,209,324,5.0,7.636363636363637
hulkenberg,sauber,2025,23,11.0,20.0,Qatar Grand Prix,14.909090909090908,12.636363636363637,49,36,16.0,12.954545454545453
lawson,rb,2025,23,12.0,9.0,Qatar Grand Prix,12.545454545454545,12.727272727272727,36,4,15.5,12.272727272727273
bearman,haas,2025,23,13.0,19.0,Qatar Grand Prix,13.954545454545455,11.454545454545455,39,7,11.454545454545455,13.477272727272727
bortoleto,sauber,2025,23,14.0,13.0,Qatar Grand Prix,14.285714285714286,14.454545454545455,19,0,14.454545454545455,14.142857142857142
albon,williams,2025,23,15.0,11.0,Qatar Grand Prix,12.636363636363637,10.818181818181818,70,12,14.0,13.818181818181818
tsunoda,red_bull,2025,23,16.0,10.0,Qatar Grand Prix,12.545454545454545,12.636363636363637,20,29,13.666666666666666,14.272727272727273
ocon,haas,2025,23,17.0,15.0,Qatar Grand Prix,15.363636363636363,12.636363636363637,28,23,10.666666666666666,16.18181818181818
hamilton,ferrari,2025,23,18.0,12.0,Qatar Grand Prix,8.318181818181818,8.363636363636363,131,205,10.666666666666666,13.15909090909091
stroll,aston_martin,2025,23,19.0,17.0,Qatar Grand Prix,15.863636363636363,13.714285714285714,28,24,11.666666666666666,17.43181818181818
colapinto,alpine,2025,23,20.0,14.0,Qatar Grand Prix,16.5625,15.9375,0,5,19.0,18.28125
max_verstappen,red_bull,2025,24,1.0,1.0,Abu Dhabi Grand Prix,3.608695652173913,3.782608695652174,364,396,4.0,2.3043478260869565
norris,mclaren,2025,24,2.0,3.0,Abu Dhabi Grand Prix,3.0,4.304347826086956,379,338,5.333333333333333,2.5
piastri,mclaren,2025,24,3.0,2.0,Abu Dhabi Grand Prix,3.0434782608695654,4.304347826086956,363,265,8.0,3.0217391304347827
russell,mercedes,2025,24,4.0,5.0,Abu Dhabi Grand Prix,4.391304347826087,4.521739130434782,279,224,10.5,4.195652173913043
leclerc,ferrari,2025,24,5.0,4.0,Abu Dhabi Grand Prix,5.478260869565218,6.869565217391305,213,324,5.714285714285714,5.239130434782609
alonso,aston_martin,2025,24,6.0,6.0,Abu Dhabi Grand Prix,10.565217391304348,12.130434782608695,43,69,9.615384615384615,8.282608695652174
bortoleto,sauber,2025,24,7.0,11.0,Abu Dhabi Grand Prix,14.272727272727273,14.391304347826088,19,0,14.391304347826088,10.636363636363637
ocon,haas,2025,24,8.0,7.0,Abu Dhabi Grand Prix,15.434782608695652,12.73913043478261,28,23,10.714285714285714,11.717391304347826
hadjar,rb,2025,24,9.0,17.0,Abu Dhabi Grand Prix,9.695652173913043,11.565217391304348,50,0,11.565217391304348,9.347826086956522
tsunoda,red_bull,2025,24,10.0,14.0,Abu Dhabi Grand Prix,12.695652173913043,12.521739130434783,21,29,8.75,11.347826086956522
bearman,haas,2025,24,11.0,12.0,Abu Dhabi Grand Prix,13.91304347826087,11.782608695652174,39,7,11.782608695652174,12.456521739130434
sainz,williams,2025,24,12.0,13.0,Abu Dhabi Grand Prix,10.956521739130435,12.130434782608695,54,261,9.7,11.478260869565219
lawson,rb,2025,24,13.0,18.0,Abu Dhabi Grand Prix,12.521739130434783,12.565217391304348,38,4,17.0,12.76086956521739
antonelli,mercedes,2025,24,14.0,15.0,Abu Dhabi Grand Prix,8.347826086956522,9.608695652173912,135,0,9.608695652173912,11.173913043478262
stroll,aston_martin,2025,24,15.0,10.0,Abu Dhabi Grand Prix,16.0,13.863636363636363,28,24,13.25,15.5
hamilton,ferrari,2025,24,16.0,8.0,Abu Dhabi Grand Prix,8.73913043478261,8.521739130434783,131,205,5.8,12.369565217391305
albon,williams,2025,24,17.0,16.0,Abu Dhabi Grand Prix,12.73913043478261,10.826086956521738,70,12,9.6,14.869565217391305
hulkenberg,sauber,2025,24,18.0,9.0,Abu Dhabi Grand Prix,14.73913043478261,12.956521739130435,49,36,12.1,16.369565217391305
gasly,alpine,2025,24,19.0,19.0,Abu Dhabi Grand Prix,13.173913043478262,14.391304347826088,20,40,12.125,16.086956521739133
colapinto,alpine,2025,24,20.0,20.0,Abu Dhabi Grand Prix,16.764705882352942,15.823529411764707,0,5,19.0,18.38235294117647
